Nombre,	Identificaci√≥n,	Correo,	Lat, Lon,Zona
Edier Gama,	1032938252,	edier@gmail.com, 12, 54,ORIENTE
Jesus David, 1038252908, jesus@gmail.com, 15, 94,NORTE
Gustavo Petro, 1057658252, gustavo@gmail.com, 18, 74,OCCIDENTE
Antonio Perez, 1033467252, antonio@gmail.com, 12, 84,SUR
Federico Alvarez, 103223452, federico@gmail.com, 9, 35,NORTE
Rodolfo Hernandez, 3542938252, rodolfo@gmail.com, 78, 34,ORIENTE
Michell Gonzalez, 1032234452, michell@gmail.com, 18, 39,NORTE
Isabel Segunda,	1032334252,	isabel@gmail.com, 65, 37,ORIENTE
Isabel Zuleta, 1032934675, isabel@gmail.com, 52, 54,ORIENTE
